,words,num_appearance
1,algorithm,6867
2,learning,6521
3,model,6408
4,data,5515
5,set,4915
6,using,4393
7,function,4160
8,time,3990
9,problem,3855
10,log,3534
11,matrix,3497
12,number,3446
13,models,3437
14,distribution,3177
15,also,3130
16,given,3017
17,results,3005
18,algorithms,2977
19,based,2881
20,first,2783
21,methods,2721
22,use,2713
23,random,2599
24,figure,2595
25,error,2570
26,used,2566
27,optimization,2543
28,training,2517
29,method,2472
30,linear,2461
31,bound,2438
32,neural,2395
33,case,2386
34,theorem,2382
35,probability,2368
36,network,2346
37,section,2298
38,information,2289
39,let,2219
40,gradient,2192
41,large,2133
42,approach,2072
43,networks,2063
44,inference,2062
45,parameters,2059
46,show,2049
47,following,2044
48,performance,2021
49,analysis,2020
